{"tarin_loss": [2.072817802429199, 1.6442844679481106, 1.4263094726361727, 1.33635581794538, 1.2876985637765181, 1.2326495772913884, 1.1974820839731317, 1.1562576984104358, 1.1072371445204083, 1.108800210450825, 1.0852655360573216, 1.0590112460286993, 1.0437650241349872, 1.0286417603492737, 1.0128339372183148, 1.006244615504616, 0.993805960605019, 0.965385355447468, 0.9666570048583182, 0.9590491777972171, 0.9587497617069044, 0.9469635957165768, 0.9604124583696064, 0.9321815308771635, 0.933108533683576, 0.9122932427807858, 0.915609221709402, 0.8957463251916986, 0.8966873601863259, 0.8734399519468609, 0.885881107104452, 0.866016055408277, 0.8753531198752554, 0.8637926233442206, 0.8738374898308202, 0.8593288377711648, 0.831761149983657, 0.8402526253148129, 0.8285443124018217, 0.83685218660455, 0.8283678763791135, 0.8205969772840801, 0.82872179934853], "val_acc": [0.44120100083402836, 0.4829024186822352, 0.5170975813177648, 0.5537948290241869, 0.5738115095913261, 0.5771476230191827, 0.5879899916597164, 0.6021684737281068, 0.6030025020850709, 0.6030025020850709, 0.6146788990825688, 0.609674728940784, 0.6271893244370309, 0.6205170975813178, 0.6113427856547122, 0.6205170975813178, 0.6255212677231026, 0.6371976647206005, 0.6246872393661385, 0.6263552960800667, 0.6321934945788157, 0.6371976647206005, 0.6346955796497081, 0.6296914095079232, 0.6447039199332777, 0.6313594662218516, 0.6338615512927439, 0.6488740617180984, 0.658882402001668, 0.664720600500417, 0.6572143452877398, 0.6497080900750626, 0.6555462885738115, 0.6413678065054211, 0.6538782318598833, 0.6497080900750626, 0.6538782318598833, 0.6530442035029191, 0.6638865721434529, 0.6630525437864887, 0.6597164303586321, 0.6580483736447039, 0.6638865721434529], "epoch": [0, 1, 2, 3, 4, 5, 6, 7, 8, 9, 10, 11, 12, 13, 14, 15, 16, 17, 18, 19, 20, 21, 22, 23, 24, 25, 26, 27, 28, 29, 30, 31, 32, 33, 34, 35, 36, 37, 38, 39, 40, 41, 42]}