{"tarin_loss": [0.6525386788628318, 0.5919484189062407], "val_acc": [0.6440596440596441, 0.7142857142857143], "train_acc": [0.6114251352976549, 0.6909200240529164], "epoch": [0, 1]}