{"tarin_loss": [0.722273613467361, 0.6300389170646667, 0.6137290596961975], "val_acc": [0.583934583934584, 0.6902356902356902, 0.6854256854256854], "train_acc": [0.5695730607336139, 0.6429344558027661, 0.6558027660853879], "epoch": [0, 1, 2]}