{"tarin_loss": [0.6540292049899246, 0.5800098009181746], "val_acc": [0.6685906685906686, 0.7465127465127465], "train_acc": [0.6099819603126879, 0.7001803968731208], "epoch": [0, 1]}