{"tarin_loss": [0.6674213481671882, 0.645881353002606], "val_acc": [0.6286676286676287, 0.6435786435786436], "train_acc": [0.5878532772098617, 0.6254960914010824], "epoch": [0, 1]}