{"tarin_loss": [0.22168663351072204, 0.1764537650677893, 0.16099564358592033, 0.14823663752112123, 0.1497252569016483, 0.14212490928669771, 0.14258950700362524, 0.13635124121275213, 0.13726342614326212, 0.13125339750614431, 0.1353029337608152, 0.1326561485313707, 0.13426598575380114, 0.13542297896411684, 0.13813934909800688, 0.13813045331173474, 0.14159129932522774, 0.14254227032264075, 0.13938565738499165, 0.1429190335588323], "val_acc": [0.7714422616195495, 0.7954000958313369, 0.776233828461907, 0.7954000958313369, 0.7834211787254433, 0.7882127455678006, 0.7958792525155726, 0.7930043124101581, 0.8016291327264016, 0.7944417824628653, 0.7997125059894585, 0.7934834690943938, 0.7882127455678006, 0.7944417824628653, 0.7901293723047437, 0.7901293723047437, 0.794920939147101, 0.7906085289889794, 0.7906085289889794, 0.7906085289889794], "train_acc": [0.9046249700455308, 0.922477833692787, 0.9355379822669543, 0.9402108794632159, 0.9402108794632159, 0.9424874191229331, 0.9441648693985143, 0.9501557632398754, 0.9459621375509226, 0.947759405703331, 0.9428468727534148, 0.9471603163191948, 0.9479990414569854, 0.9465612269350587, 0.9459621375509226, 0.9460819554277499, 0.9426072369997603, 0.9399712437095614, 0.9426072369997603, 0.9430865085070692], "epoch": [0, 1, 2, 3, 4, 5, 6, 7, 8, 9, 10, 11, 12, 13, 14, 15, 16, 17, 18, 19]}