{"tarin_loss": [0.02207782593640414, 0.019094573728965992, 0.01728802558147546, 0.0161699526237719, 0.014118733731183138, 0.012915036895058372, 0.011481413335511179, 0.010256622776840672, 0.008739550005305897, 0.007293383280436198, 0.005521780613696937, 0.004028876622517903, 0.0028761553041862717, 0.0012905525438713305, -0.00046991940700646603, -0.0013822262937372382, -0.0027465043645916562, -0.003918282913439201, -0.004413740201429887, -0.004977777148738052, -0.005290215665643866, -0.005237647981354685, -0.005957242214318478, -0.0060434720732949, -0.006567593776818478, -0.0063347653909163045], "val_acc": [0.5333013895543843, 0.5419262098706277, 0.5582175371346431, 0.5649257307139435, 0.5735505510301868, 0.5759463344513656, 0.5764254911356014, 0.5797795879252515, 0.5850503114518447, 0.5893627216099665, 0.5908001916626737, 0.5908001916626737, 0.5960709151892669, 0.5936751317680882, 0.5994250119789171, 0.6042165788212746, 0.6056540488739818, 0.6066123622424533, 0.6147580258744609, 0.6037374221370388, 0.6114039290848108, 0.6118830857690465, 0.6123622424532822, 0.6114039290848108, 0.6171538092956397, 0.6176329659798754], "train_acc": [0.45087467050083874, 0.5243230289959262, 0.5345075485262402, 0.5450515216870357, 0.5557153127246586, 0.5520009585430146, 0.5621854780733285, 0.5681763719146897, 0.573687994248742, 0.573208722741433, 0.5712916367121975, 0.5771627126767314, 0.5805176132278936, 0.5832734243949197, 0.5871075964533908, 0.5844716031631919, 0.5867481428229092, 0.5829139707644381, 0.5872274143302181, 0.5843517852863648, 0.5924994009106158, 0.5970524802300503, 0.5956146657081236, 0.5935777618020609, 0.5976515696141864, 0.6002875629043853], "epoch": [0, 1, 2, 3, 4, 5, 6, 7, 8, 9, 10, 11, 12, 13, 14, 15, 16, 17, 18, 19, 20, 21, 22, 23, 24, 25]}